chapter,label,sheet
Y6 BM Modul 1a Asas,Keluarga Bahagia Hidup Ceria,Y6 BM Modul 1a.csv
Y6 BM Modul 1b Sederhana,Keluarga Bahagia Hidup Ceria,Y6 BM Modul 1b.csv
Y6 BM Modul 1c Cabaran,Keluarga Bahagia Hidup Ceria,Y6 BM Modul 1c.csv
Y6 BM Modul 2a Asas,Keluarga Gembira Menjamin Kejayaan,Y6 BM Modul 2a.csv
Y6 BM Modul 2b Sederhana,Keluarga Gembira Menjamin Kejayaan,Y6 BM Modul 2b.csv
Y6 BM Modul 2c Cabaran,Keluarga Gembira Menjamin Kejayaan,Y6 BM Modul 2c.csv
Y6 BM Modul 3a Asas,Keluarga Angkat Kami Sepakat,Y6 BM Modul 3a.csv
Y6 BM Modul 3b Sederhana,Keluarga Angkat Kami Sepakat,Y6 BM Modul 3b.csv
Y6 BM Modul 3c Cabaran,Keluarga Angkat Kami Sepakat,Y6 BM Modul 3c.csv
Y6 BM Modul 4a Asas,Pelihara Kesihatan Diri,Y6 BM Modul 4a.csv
Y6 BM Modul 4b Sederhana,Pelihara Kesihatan Diri,Y6 BM Modul 4b.csv
Y6 BM Modul 4c Cabaran,Pelihara Kesihatan Diri,Y6 BM Modul 4c.csv
Y6 BM Modul 5a Asas,Kebersihan Jadikan Amalan,Y6 BM Modul 5a.csv
Y6 BM Modul 5b Sederhana,Kebersihan Jadikan Amalan,Y6 BM Modul 5b.csv
Y6 BM Modul 5c Cabaran,Kebersihan Jadikan Amalan,Y6 BM Modul 5c.csv
Y6 BM Modul 6a Asas,Minda Sihat Emosi Terjaga,Y6 BM Modul 6a.csv
Y6 BM Modul 6b Sederhana,Minda Sihat Emosi Terjaga,Y6 BM Modul 6b.csv
Y6 BM Modul 6c Cabaran,Minda Sihat Emosi Terjaga,Y6 BM Modul 6c.csv
Y6 BM Modul 7a Asas,Jaga Diri Selalu,Y6 BM Modul 7a.csv
Y6 BM Modul 7b Sederhana,Jaga Diri Selalu,Y6 BM Modul 7b.csv
Y6 BM Modul 7c Cabaran,Jaga Diri Selalu,Y6 BM Modul 7c.csv
Y6 BM Modul 8a Asas,Keselamatan Tanggungjawab Kita,Y6 BM Modul 8a.csv
Y6 BM Modul 8b Sederhana,Keselamatan Tanggungjawab Kita,Y6 BM Modul 8b.csv
Y6 BM Modul 8c Cabaran,Keselamatan Tanggungjawab Kita,Y6 BM Modul 8c.csv
Y6 BM Modul 9a Asas,Cakna di Mana-mana,Y6 BM Modul 9a.csv
Y6 BM Modul 9b Sederhana,Cakna di Mana-mana,Y6 BM Modul 9b.csv
Y6 BM Modul 9c Cabaran,Cakna di Mana-mana,Y6 BM Modul 9c.csv
Y6 BM Modul 10a Asas,Bersatu Hati Hidup Harmoni,Y6 BM Modul 10a.csv
Y6 BM Modul 10b Sederhana,Bersatu Hati Hidup Harmoni,Y6 BM Modul 10b.csv
Y6 BM Modul 10c Cabaran,Bersatu Hati Hidup Harmoni,Y6 BM Modul 10c.csv
Y6 BM Modul 11a Asas,Masyarakat Sepakat,Y6 BM Modul 11a.csv
Y6 BM Modul 11b Sederhana,Masyarakat Sepakat,Y6 BM Modul 11b.csv
Y6 BM Modul 11c Cabaran,Masyarakat Sepakat,Y6 BM Modul 11c.csv
Y6 BM Modul 12a Asas,Seia Sekata Sehati Sejiwa,Y6 BM Modul 12a.csv
Y6 BM Modul 12b Sederhana,Seia Sekata Sehati Sejiwa,Y6 BM Modul 12b.csv
Y6 BM Modul 12c Cabaran,Seia Sekata Sehati Sejiwa,Y6 BM Modul 12c.csv
Y6 BM Modul 13a Asas,Aku Berintegriti,Y6 BM Modul 13a.csv
Y6 BM Modul 13b Sederhana,Aku Berintegriti,Y6 BM Modul 13b.csv
Y6 BM Modul 13c Cabaran,Aku Berintegriti,Y6 BM Modul 13c.csv
Y6 BM Modul 14a Asas,Sekolah Berintegriti Murid Cemerlang,Y6 BM Modul 14a.csv
Y6 BM Modul 14b Sederhana,Sekolah Berintegriti Murid Cemerlang,Y6 BM Modul 14b.csv
Y6 BM Modul 14c Cabaran,Sekolah Berintegriti Murid Cemerlang,Y6 BM Modul 14c.csv
Y6 BM Modul 15a Asas,Rakyat Berintegriti,Y6 BM Modul 15a.csv
Y6 BM Modul 15b Sederhana,Rakyat Berintegriti,Y6 BM Modul 15b.csv
Y6 BM Modul 15c Cabaran,Rakyat Berintegriti,Y6 BM Modul 15c.csv
Y6 BM Modul 16a Asas,Warisan dan Adat,Y6 BM Modul 16a.csv
Y6 BM Modul 16b Sederhana,Warisan dan Adat,Y6 BM Modul 16b.csv
Y6 BM Modul 16c Cabaran,Warisan dan Adat,Y6 BM Modul 16c.csv
Y6 BM Modul 17a Asas,Permainan Tradisional,Y6 BM Modul 17a.csv
Y6 BM Modul 17b Sederhana,Permainan Tradisional,Y6 BM Modul 17b.csv
Y6 BM Modul 17c Cabaran,Permainan Tradisional,Y6 BM Modul 17c.csv
Y6 BM Modul 18a Asas,"Warna-warni Budaya, Seni dan Estetika",Y6 BM Modul 18a.csv
Y6 BM Modul 18b Sederhana,"Warna-warni Budaya, Seni dan Estetika",Y6 BM Modul 18b.csv
Y6 BM Modul 18c Cabaran,"Warna-warni Budaya, Seni dan Estetika",Y6 BM Modul 18c.csv
Y6 BM Modul 19a Asas,Sains dalam Kehidupan,Y6 BM Modul 19a.csv
Y6 BM Modul 19b Sederhana,Sains dalam Kehidupan,Y6 BM Modul 19b.csv
Y6 BM Modul 19c Cabaran,Sains dalam Kehidupan,Y6 BM Modul 19c.csv
Y6 BM Modul 20a Asas,Teknologi Hari Ini,Y6 BM Modul 20a.csv
Y6 BM Modul 20b Sederhana,Teknologi Hari Ini,Y6 BM Modul 20b.csv
Y6 BM Modul 20c Cabaran,Teknologi Hari Ini,Y6 BM Modul 20c.csv
Y6 BM Modul 21a Asas,Minda Inovatif,Y6 BM Modul 21a.csv
Y6 BM Modul 21b Sederhana,Minda Inovatif,Y6 BM Modul 21b.csv
Y6 BM Modul 21c Cabaran,Minda Inovatif,Y6 BM Modul 21c.csv
Y6 BM Modul 22a Asas,Majukan Ekonomi Kita,Y6 BM Modul 22a.csv
Y6 BM Modul 22b Sederhana,Majukan Ekonomi Kita,Y6 BM Modul 22b.csv
Y6 BM Modul 22c Cabaran,Majukan Ekonomi Kita,Y6 BM Modul 22c.csv
Y6 BM Modul 23a Asas,Pupuk Minat Keusahawanan,Y6 BM Modul 23a.csv
Y6 BM Modul 23b Sederhana,Pupuk Minat Keusahawanan,Y6 BM Modul 23b.csv
Y6 BM Modul 23c Cabaran,Pupuk Minat Keusahawanan,Y6 BM Modul 23c.csv
Y6 BM Modul 24a Asas,Generasi Celik Wang,Y6 BM Modul 24a.csv
Y6 BM Modul 24b Sederhana,Generasi Celik Wang,Y6 BM Modul 24b.csv
Y6 BM Modul 24c Cabaran,Generasi Celik Wang,Y6 BM Modul 24c.csv
